source,date,title,body,link_type,link_caption,link_url
"Forbes Tech Council","July, 2024","Companies Are Killing Themselves With AI: A Hidden Crisis","Analysis of how organizations are implementing AI technologies without proper strategy, leading to operational inefficiencies and competitive disadvantages in the rapidly evolving AI landscape.","article","Read on Forbes","https://www.forbes.com/sites/forbestechcouncil/2024/07/10/companies-are-killing-themselves-with-ai-a-hidden-crisis/"
"Forbes Tech Council","April, 2024","Generative AI's Challenges To Cybersecurity","Expert commentary on the emerging security threats and vulnerabilities introduced by generative AI systems, examining the intersection of artificial intelligence and cybersecurity defense strategies.","article","Read on Forbes","https://www.forbes.com/sites/forbestechcouncil/2024/04/19/generative-ais-challenges-to-cybersecurity/"
"Forbes Tech Council","March, 2024","The Paradox Of Corporate Ventures: Why So Many Fail","Examination of the structural and strategic challenges facing corporate venture initiatives, analyzing why established companies struggle with innovation and entrepreneurial ventures.","article","Read on Forbes","https://www.forbes.com/sites/forbestechcouncil/2024/03/22/the-paradox-of-corporate-ventures-why-so-many-fail/"
"Forbes Tech Council","November, 2019","Is Venture Capital Drinking Its Own Kool-Aid?","Critical analysis of venture capital investment patterns and industry dynamics, questioning conventional wisdom and examining potential disconnects between VC valuation practices and market realities.","article","Read on Forbes","https://www.forbes.com/sites/forbestechcouncil/2019/11/01/is-venture-capital-drinking-its-own-kool-aid/"
"Forbes Tech Council","October, 2019","Six Ways Your Early Start-Up Data Can Be Misleading","Practical guidance on interpreting early-stage startup metrics, identifying common data interpretation pitfalls, and developing sound analytical frameworks for early-stage decision making.","article","Read on Forbes","https://www.forbes.com/sites/forbestechcouncil/2019/10/11/six-ways-your-early-start-up-data-can-be-misleading/"
"Forbes Tech Council","September, 2019","Why The Best Technology Doesn't Always Win","Strategic analysis of technology adoption dynamics, market forces, and competitive factors that determine which technologies succeed in the marketplace beyond pure technical merit.","article","Read on Forbes","https://www.forbes.com/sites/forbestechcouncil/2019/09/24/why-the-best-technology-doesnt-always-win/"
"The New York Times","October 28, 2013","A Year Late, S.E.C. Weighs In With 585 Pages of Crowdfunding Rules","Expert commentary on SEC's proposed crowdfunding regulations following the JOBS Act, analyzing the regulatory framework's impact on platforms and investors in the emerging crowdfunding industry.","news","Read on NY Times","https://archive.nytimes.com/boss.blogs.nytimes.com/2013/10/28/a-year-late-s-e-c-weighs-in-with-585-pages-of-crowdfunding-rules/"
"IEEE The Institute","Volume 41, Issue 3","Crowdfunding Innovation and Entrepreneurship","Featured profile on crowdfunding platform innovation, entrepreneurial technology development, and the intersection of engineering, business, and regulatory policy in emerging financial markets.","publication","Read Article (PDF)","https://ethw.org/w/images/8/8b/Tisep17.pdf"
"Wired Magazine","May 8, 2012","Crowdfunding: The Gold Rush For Entrepreneurs","Early analysis of crowdfunding as an emerging fundraising mechanism, examining platform models, regulatory considerations, and the democratization of startup capital formation.","news","Read on Wired","https://www.wired.com/insights/2012/05/crowdfunding-the-gold-rush-for-entrepreneurs/"
