topic,description,column
"AI Governance","Policy frameworks for responsible deployment",1
"AI Safety","Operational security frameworks and alignment",1
"Hardware Security","Embedded systems threats and defenses",1
"Conflict Resolution","Technology policy and AI alignment",1
"Security Culture","Building security-conscious engineering teams",1
"Applied Cryptography","Usable security for developers",2
"Technology Policy","Regulatory frameworks and innovation",2
"Academia to Industry","Bridging research and practice",2
"Critical Infrastructure","Security and resilience",2
"Financial Innovation","Crowdfunding, fintech, and democratizing capital",2
